cidade,bairro,org,value
RIO DE JANEIRO,ZUMBI,milícia,2
SÃO GONÇALO,ZÉ GAROTO,facção,1
DUQUE DE CAXIAS,XERÉM,milícia,6
BELFORD ROXO,XAVANTES,milícia,1
BELFORD ROXO,WONA,facção,3
BELFORD ROXO,WONA,milícia,10
ITAGUAÍ,WEDA,facção,1
SÃO GONÇALO,VISTA ALEGRE,facção,15
SÃO GONÇALO,VISTA ALEGRE,milícia,1
SÃO JOÃO DE MERITI,VILAR FORMOSO,facção,5
SÃO JOÃO DE MERITI,VILAR DOS TELES,facção,2
SÃO JOÃO DE MERITI,VILAR DOS TELES,milícia,63
SÃO JOÃO DE MERITI,VILA ZULMIRA,facção,3
BELFORD ROXO,VILA VITORIO,facção,7
BELFORD ROXO,VILA VERDE,facção,2
RIO DE JANEIRO,VILA VALQUEIRE,facção,1
RIO DE JANEIRO,VILA VALQUEIRE,milícia,49
DUQUE DE CAXIAS,VILA URUSSAÍ,facção,2
DUQUE DE CAXIAS,VILA URUSSAÍ,milícia,25
SÃO GONÇALO,VILA TRÊS,facção,8
SÃO JOÃO DE MERITI,VILA TIRADENTES,facção,32
QUEIMADOS,VILA TARUMÃ,milícia,1
DUQUE DE CAXIAS,VILA SHEILA,milícia,1
DUQUE DE CAXIAS,VILA SARAPUÍ,facção,1
DUQUE DE CAXIAS,VILA SARAPUÍ,milícia,5
DUQUE DE CAXIAS,VILA SAPÊ,facção,3
DUQUE DE CAXIAS,VILA SAPÊ,milícia,1
NOVA IGUAÇU,VILA SÃO TEODORO,milícia,2
DUQUE DE CAXIAS,VILA SÃO SEBASTIÃO,milícia,1
DUQUE DE CAXIAS,VILA SÃO LUIS,facção,1
DUQUE DE CAXIAS,VILA SÃO LUIS,milícia,8
NOVA IGUAÇU,VILA SÃO LUIS,facção,2
NOVA IGUAÇU,VILA SÃO LUIS,milícia,1
DUQUE DE CAXIAS,VILA SÃO JUDAS TADEU,facção,12
SÃO JOÃO DE MERITI,VILA SÃO JOÃO,facção,5
SÃO JOÃO DE MERITI,VILA SÃO JOÃO,milícia,4
NOVA IGUAÇU,VILA SANTOS NETO,milícia,7
BELFORD ROXO,VILA SANTO ANTÔNIO,facção,6
DUQUE DE CAXIAS,VILA SANTO ANTÔNIO,facção,30
DUQUE DE CAXIAS,VILA SANTO ANTÔNIO,milícia,22
BELFORD ROXO,VILA SANTA TERESA,facção,45
BELFORD ROXO,VILA SANTA TERESA,milícia,1
BELFORD ROXO,VILA SANTA RITA,facção,1
SÃO JOÃO DE MERITI,VILA SANTA RITA,milícia,1
DUQUE DE CAXIAS,VILA SANTA CRUZ,facção,60
DUQUE DE CAXIAS,VILA SANTA CRUZ,milícia,5
DUQUE DE CAXIAS,VILA SANTA ALICE,milícia,1
DUQUE DE CAXIAS,VILA ROSÁRIO,facção,37
DUQUE DE CAXIAS,VILA ROSÁRIO,milícia,2
SÃO JOÃO DE MERITI,VILA ROSALI,facção,4
SÃO JOÃO DE MERITI,VILA ROSALI,milícia,2
NOVA IGUAÇU,VILA ÔMEGA,milícia,1
NOVA IGUAÇU,VILA OLORUM,facção,1
MAGÉ,VILA NOVA (SURUÍ),facção,26
MAGÉ,VILA NOVA (SURUÍ),milícia,3
PARACAMBI,VILA NOVA,milícia,1
DUQUE DE CAXIAS,VILA NOSSA SENHORA DAS GRAÇAS,milícia,1
JAPERI,VILA NOSSA SENHORA DA CONCEIÇÃO,facção,1
MESQUITA,VILA NORMA,facção,1
QUEIMADOS,VILA NASCENTE,facção,1
QUEIMADOS,VILA NASCENTE,milícia,1
NOVA IGUAÇU,VILA MORRO AGUDO,facção,3
NOVA IGUAÇU,VILA MORRO AGUDO,milícia,15
DUQUE DE CAXIAS,VILA MERITI,milícia,1
BELFORD ROXO,VILA MEDEIROS,facção,1
DUQUE DE CAXIAS,VILA MARIA HELENA,facção,1
DUQUE DE CAXIAS,VILA MARIA HELENA,milícia,2
ITAGUAÍ,VILA MARGARIDA,facção,1
ITAGUAÍ,VILA MARGARIDA,milícia,1
BELFORD ROXO,VILA MAIA,milícia,1
DUQUE DE CAXIAS,VILA LEOPOLDINA,milícia,8
SÃO GONÇALO,VILA LAGE,facção,6
SÃO GONÇALO,VILA LAGE,milícia,1
RIO DE JANEIRO,VILA KENNEDY,facção,83
RIO DE JANEIRO,VILA KENNEDY,milícia,2
BELFORD ROXO,VILA JOLA,milícia,10
BELFORD ROXO,VILA JOEMA,facção,1
BELFORD ROXO,VILA JOÃO RODRIGUES,facção,2
DUQUE DE CAXIAS,VILA ITAMARATI,milícia,1
RIO DE JANEIRO,VILA ISABEL,facção,15
RIO DE JANEIRO,VILA ISABEL,milícia,2
MAGÉ,VILA INCA,milícia,1
NOVA IGUAÇU,VILA IGUAÇUANA,milícia,1
DUQUE DE CAXIAS,VILA IDEAL,facção,4
ITAGUAÍ,VILA IBIRAPITANGA,facção,5
ITAGUAÍ,VILA IBIRAPITANGA,milícia,10
NOVA IGUAÇU,VILA GUIMARÃES,facção,1
NOVA IGUAÇU,VILA GUIMARÃES,milícia,3
DUQUE DE CAXIAS,VILA GUANABARA,facção,2
DUQUE DE CAXIAS,VILA GUANABARA,milícia,2
ITAGUAÍ,VILA GENY,milícia,8
NOVA IGUAÇU,VILA GAÚCHA,milícia,1
BELFORD ROXO,VILA ESPERANÇA,milícia,2
MAGÉ,VILA ESPERANÇA,facção,2
MESQUITA,VILA EMIL,facção,1
MESQUITA,VILA EMIL,milícia,2
DUQUE DE CAXIAS,VILA EMA,milícia,2
SÃO JOÃO DE MERITI,VILA DOS TELES,milícia,1
NOVA IGUAÇU,VILA DE CAVA,facção,1
NOVA IGUAÇU,VILA DE CAVA,milícia,14
BELFORD ROXO,VILA DAGMAR,facção,1
RIO DE JANEIRO,VILA DA PENHA,milícia,5
MAGÉ,VILA DA LIBERDADE,facção,1
RIO DE JANEIRO,VILA COSMOS,facção,1
RIO DE JANEIRO,VILA COSMOS,milícia,4
SÃO JOÃO DE MERITI,VILA COLÚMBIA,facção,1
QUEIMADOS,VILA COIMBRA,milícia,1
DUQUE DE CAXIAS,VILA CENTENÁRIO,facção,16
DUQUE DE CAXIAS,VILA CENTENÁRIO,milícia,2
QUEIMADOS,VILA CAMARIM,milícia,1
DUQUE DE CAXIAS,VILA CAETANO MADEIRA,milícia,1
ITABORAÍ,VILA BRASIL,facção,10
NOVA IGUAÇU,VILA BORGERTH,milícia,1
NOVA IGUAÇU,VILA BANDEIRANTES,milícia,3
SÃO JOÃO DE MERITI,VILA ANDORINHAS,facção,17
QUEIMADOS,VILA AMERICANA,milícia,1
DUQUE DE CAXIAS,VILA ACTURA,milícia,3
RIO DE JANEIRO,VIGÁRIO GERAL,facção,10
RIO DE JANEIRO,VIGÁRIO GERAL,milícia,2
RIO DE JANEIRO,VIDIGAL,facção,10
RIO DE JANEIRO,VICENTE DE CARVALHO,facção,48
RIO DE JANEIRO,VICENTE DE CARVALHO,milícia,3
SÃO JOÃO DE MERITI,VENDA VELHA,facção,2
SÃO JOÃO DE MERITI,VENDA VELHA,milícia,14
ITABORAÍ,VENDA DAS PEDRAS,facção,2
RIO DE JANEIRO,VAZ LOBO,facção,5
RIO DE JANEIRO,VAZ LOBO,milícia,1
NITERÓI,VÁRZEA DAS MOÇAS,facção,1
NITERÓI,VÁRZEA DAS MOÇAS,milícia,1
SÃO GONÇALO,VÁRZEA DAS MOÇAS,facção,2
RIO DE JANEIRO,VARGEM PEQUENA,milícia,25
RIO DE JANEIRO,VARGEM GRANDE,milícia,32
NOVA IGUAÇU,VALVERDE,milícia,47
BELFORD ROXO,VALE DO IPÊ,facção,1
BELFORD ROXO,VALE DO IPÊ,milícia,1
GUAPIMIRIM,VALE DAS PEDRINHAS,milícia,1
RIO DE JANEIRO,TURIAÇU,facção,22
RIO DE JANEIRO,TURIAÇU,milícia,2
SÃO GONÇALO,TRINDADE,facção,48
SÃO GONÇALO,TRIBOBÓ,facção,39
SÃO JOÃO DE MERITI,TREZENTOS,facção,6
SÃO JOÃO DE MERITI,TREZENTOS,milícia,2
QUEIMADOS,TRÊS FONTES,milícia,1
NOVA IGUAÇU,TRÊS CORAÇÕES,milícia,1
SÃO JOÃO DE MERITI,TOMAZINHO,facção,75
SÃO JOÃO DE MERITI,TOMAZINHO,milícia,1
RIO DE JANEIRO,TOMÁS COELHO,facção,3
RIO DE JANEIRO,TODOS OS SANTOS,milícia,5
NOVA IGUAÇU,TINGUÁ,milícia,2
QUEIMADOS,TINGUÁ,milícia,1
RIO DE JANEIRO,TIJUCA,facção,30
RIO DE JANEIRO,TIJUCA,milícia,9
NITERÓI,TENENTE JARDIM,facção,3
SÃO GONÇALO,TENENTE JARDIM,facção,4
ITAGUAÍ,TEIXEIRAS,milícia,1
RIO DE JANEIRO,TAUÁ,milícia,2
DUQUE DE CAXIAS,TAQUARA,facção,9
DUQUE DE CAXIAS,TAQUARA,milícia,1
RIO DE JANEIRO,TAQUARA,facção,4
RIO DE JANEIRO,TAQUARA,milícia,236
RIO DE JANEIRO,TANQUE,facção,2
RIO DE JANEIRO,TANQUE,milícia,7
BELFORD ROXO,SUBLIME,facção,4
BELFORD ROXO,SUBLIME,milícia,1
ITABORAÍ,SOSSEGO,facção,5
ITAGUAÍ,SOMEL,facção,1
BELFORD ROXO,SÍTIO RETIRO FELIZ,facção,2
SÃO JOÃO DE MERITI,SÍTIO DOS GANSOS,milícia,1
BELFORD ROXO,SHANGRI-LÁ,facção,1
BELFORD ROXO,SHANGRI-LÁ,milícia,41
SÃO GONÇALO,SETE PONTES,facção,43
SÃO GONÇALO,SETE PONTES,milícia,1
RIO DE JANEIRO,SEPETIBA,facção,2
RIO DE JANEIRO,SEPETIBA,milícia,288
RIO DE JANEIRO,SENADOR VASCONCELOS,milícia,15
RIO DE JANEIRO,SENADOR CAMARÁ,facção,60
RIO DE JANEIRO,SENADOR CAMARÁ,milícia,16
RIO DE JANEIRO,SAÚDE,facção,1
DUQUE DE CAXIAS,SARACURUNA,facção,21
DUQUE DE CAXIAS,SARACURUNA,milícia,38
NITERÓI,SAPÊ,facção,6
BELFORD ROXO,SÃO VICENTE,facção,1
QUEIMADOS,SÃO SIMÃO,facção,56
QUEIMADOS,SÃO SIMÃO,milícia,1
QUEIMADOS,SÃO ROQUE,facção,1
SÃO GONÇALO,SÃO MIGUEL,facção,1
SEROPÉDICA,SÃO MIGUEL,milícia,1
SÃO JOÃO DE MERITI,SÃO MATEUS,facção,43
SÃO JOÃO DE MERITI,SÃO MATEUS,milícia,1
BELFORD ROXO,SÃO LUCAS,facção,1
NITERÓI,SÃO LOURENÇO,facção,3
BELFORD ROXO,SÃO LEOPOLDO,facção,1
BELFORD ROXO,SÃO LEOPOLDO,milícia,2
MARICÁ,SÃO JOSÉ DO IMABASSAÍ,facção,2
BELFORD ROXO,SÃO JOSÉ,facção,24
BELFORD ROXO,SÃO JOSÉ,milícia,2
JAPERI,SÃO JORGE,facção,14
RIO DE JANEIRO,SÃO FRANCISCO XAVIER,facção,1
MAGÉ,SÃO FRANCISCO DO CUARÁ,milícia,1
BELFORD ROXO,SÃO FRANCISCO DE ASSIS,milícia,1
NITERÓI,SÃO FRANCISCO,facção,2
QUEIMADOS,SÃO FRANCISCO,facção,2
QUEIMADOS,SÃO FRANCISCO,milícia,9
NITERÓI,SÃO DOMINGOS,facção,6
RIO DE JANEIRO,SÃO CRISTÓVÃO,facção,38
RIO DE JANEIRO,SÃO CRISTÓVÃO,milícia,5
RIO DE JANEIRO,SÃO CONRADO,facção,3
RIO DE JANEIRO,SÃO CONRADO,milícia,1
DUQUE DE CAXIAS,SÃO BENTO,facção,1
DUQUE DE CAXIAS,SÃO BENTO,milícia,5
NOVA IGUAÇU,SANTOS NEVES,facção,1
QUEIMADOS,SANTO EXPEDITO,milícia,2
MESQUITA,SANTO ELIAS,milícia,3
RIO DE JANEIRO,SANTO CRISTO,facção,40
BELFORD ROXO,SANTO ANTÔNIO DA PRATA,facção,1
BELFORD ROXO,SANTO ANTÔNIO DA PRATA,milícia,10
ITABORAÍ,SANTO ANTÔNIO (MANILHA),facção,1
DUQUE DE CAXIAS,SANTO ANTÔNIO,milícia,1
QUEIMADOS,SANTO ANTÔNIO,facção,1
MAGÉ,SANTO ALEIXO,facção,1
MAGÉ,SANTO ALEIXO,milícia,2
RIO DE JANEIRO,SANTÍSSIMO,facção,2
RIO DE JANEIRO,SANTÍSSIMO,milícia,51
ITAGUAÍ,SANTANA,milícia,1
NITERÓI,SANTANA,facção,7
BELFORD ROXO,SANTA TEREZA,facção,11
BELFORD ROXO,SANTA TEREZA,milícia,2
MESQUITA,SANTA TERESINHA,facção,7
MESQUITA,SANTA TERESINHA,milícia,3
RIO DE JANEIRO,SANTA TERESA,facção,16
SEROPÉDICA,SANTA SOFIA,milícia,3
NITERÓI,SANTA ROSA,facção,13
QUEIMADOS,SANTA ROSA,milícia,1
NOVA IGUAÇU,SANTA RITA,facção,2
NOVA IGUAÇU,SANTA RITA,milícia,1
BELFORD ROXO,SANTA MARIA,facção,1
BELFORD ROXO,SANTA MARIA,milícia,13
SÃO GONÇALO,SANTA LUZIA,facção,52
SÃO GONÇALO,SANTA LUZIA,milícia,1
DUQUE DE CAXIAS,SANTA LÚCIA,facção,2
DUQUE DE CAXIAS,SANTA LÚCIA,milícia,1
SÃO GONÇALO,SANTA ISABEL,facção,32
NOVA IGUAÇU,SANTA EUGÊNIA,milícia,1
NOVA IGUAÇU,SANTA EUGÊNCIA,milícia,1
BELFORD ROXO,SANTA EMÍLIA,facção,15
DUQUE DE CAXIAS,SANTA CRUZ DA SERRA,facção,21
RIO DE JANEIRO,SANTA CRUZ,facção,38
RIO DE JANEIRO,SANTA CRUZ,milícia,362
SÃO GONÇALO,SANTA ANITA,facção,2
BELFORD ROXO,SANTA AMÉLIA,facção,7
DUQUE DE CAXIAS,SANO ANTÔNIO,facção,2
DUQUE DE CAXIAS,SANO ANTÔNIO,milícia,2
RIO DE JANEIRO,SAMPAIO,facção,3
SÃO GONÇALO,SALGUEIRO,facção,2
SÃO GONÇALO,SACRAMENTO,facção,65
MAGÉ,SACO,facção,5
MAGÉ,SACO,milícia,1
PARACAMBI,SABUGO,facção,2
PARACAMBI,SABUGO,milícia,1
NOVA IGUAÇU,ROSA DOS VENTOS,facção,5
NOVA IGUAÇU,ROSA DOS VENTOS,milícia,1
MAGÉ,RONCADOR,facção,1
QUEIMADOS,RONCADOR,facção,5
QUEIMADOS,RODOVIÁRIO,milícia,1
RIO DE JANEIRO,ROCINHA,facção,29
RIO DE JANEIRO,ROCINHA,milícia,1
MESQUITA,ROCHA SOBRINHO,facção,17
MESQUITA,ROCHA SOBRINHO,milícia,3
RIO DE JANEIRO,ROCHA MIRANDA,facção,29
RIO DE JANEIRO,ROCHA MIRANDA,milícia,4
RIO DE JANEIRO,ROCHA,facção,6
RIO DE JANEIRO,ROCHA,milícia,2
SÃO GONÇALO,ROCHA,facção,5
SÃO GONÇALO,ROCHA,milícia,1
ITABORAÍ,RIO VÁRZEA,facção,2
NOVA IGUAÇU,RIO DO OURO,milícia,1
SÃO GONÇALO,RIO DO OURO,facção,25
RIO DE JANEIRO,RIO COMPRIDO,facção,33
RIO DE JANEIRO,RIO COMPRIDO,milícia,2
RIO DE JANEIRO,RICARDO DE ALBUQUERQUE,facção,14
RIO DE JANEIRO,RICARDO DE ALBUQUERQUE,milícia,1
NOVA IGUAÇU,RIACHÃO,facção,6
NOVA IGUAÇU,RIACHÃO,milícia,1
ITABORAÍ,RETIRO SÃO JOAQUIM,milícia,17
BELFORD ROXO,REDENTOR,facção,8
BELFORD ROXO,REDENTOR,milícia,1
RIO DE JANEIRO,RECREIO DOS BANDEIRANTES,milícia,87
RIO DE JANEIRO,RECREIO DOS BANDEIRANDES,milícia,47
BELFORD ROXO,RECANTUS,facção,1
BELFORD ROXO,RECANTUS,milícia,14
SÃO GONÇALO,RECANTO DAS ACÁCIAS,facção,1
RIO DE JANEIRO,REALENGO,facção,69
RIO DE JANEIRO,REALENGO,milícia,70
SÃO GONÇALO,RAUL VEIGA,facção,15
NOVA IGUAÇU,RANCHO FUNDO,milícia,2
RIO DE JANEIRO,RAMOS,facção,44
RIO DE JANEIRO,RAMOS,milícia,35
ITABORAÍ,QUISSAMÃ,facção,1
RIO DE JANEIRO,QUINTINO BOCAIÚVA,facção,4
RIO DE JANEIRO,QUINTINO BOCAIÚVA,milícia,64
QUEIMADOS,QUEIMADOS,facção,22
QUEIMADOS,QUEIMADOS,milícia,9
NOVA IGUAÇU,PRATA,facção,3
NOVA IGUAÇU,PRATA,milícia,4
MAGÉ,PRAIA DA ESPERANÇA,milícia,2
RIO DE JANEIRO,PRAIA DA BANDEIRA,facção,2
RIO DE JANEIRO,PRAIA DA BANDEIRA,milícia,2
NOVA IGUAÇU,PRADOS VERDES,milícia,12
RIO DE JANEIRO,PRAÇA SECA,facção,21
RIO DE JANEIRO,PRAÇA SECA,milícia,212
RIO DE JANEIRO,PRAÇA DA BANDEIRA,facção,1
RIO DE JANEIRO,PRAÇA DA BANDEIRA,milícia,3
NOVA IGUAÇU,POSSE,facção,2
NOVA IGUAÇU,POSSE,milícia,7
RIO DE JANEIRO,PORTUGUESA,facção,2
RIO DE JANEIRO,PORTUGUESA,milícia,1
SÃO GONÇALO,PORTO VELHO,facção,10
SÃO GONÇALO,PORTO VELHO,milícia,8
SÃO GONÇALO,PORTO ROSA,facção,16
SÃO GONÇALO,PORTO NOVO,facção,12
SÃO GONÇALO,PORTO NOVO,milícia,7
SÃO GONÇALO,PORTO DO ROSA,facção,2
SÃO GONÇALO,PORTO DA PEDRA,milícia,2
NOVA IGUAÇU,PONTO CHIC,milícia,26
QUEIMADOS,PONTE PRETA,facção,2
QUEIMADOS,PONTE PRETA,milícia,2
MARICÁ,PONTA NEGRA,facção,1
MARICÁ,PONTA NEGRA,milícia,1
RIO DE JANEIRO,PITANGUEIRAS,facção,4
RIO DE JANEIRO,PITANGUEIRAS,milícia,1
RIO DE JANEIRO,PITANGUEIRA,milícia,1
SÃO GONÇALO,PITA,facção,20
NITERÓI,PIRATININGA,facção,14
NITERÓI,PIRATININGA,milícia,2
SEROPÉDICA,PIRANEMA,milícia,3
TANGUÁ,PINHÃO,milícia,1
MARICÁ,PINDOBAL,milícia,1
RIO DE JANEIRO,PILARES,facção,6
RIO DE JANEIRO,PILARES,milícia,26
DUQUE DE CAXIAS,PILAR,milícia,13
RIO DE JANEIRO,PIEDADE,facção,39
RIO DE JANEIRO,PIEDADE,milícia,26
BELFORD ROXO,PIAM,facção,9
BELFORD ROXO,PIAM,milícia,3
MAGÉ,PIABETÁ,facção,2
MAGÉ,PIABETÁ,milícia,9
DUQUE DE CAXIAS,PERIQUITOS,facção,1
RIO DE JANEIRO,PENHA CIRCULAR,facção,10
RIO DE JANEIRO,PENHA CIRCULAR,milícia,9
RIO DE JANEIRO,PENHA,facção,31
RIO DE JANEIRO,PENHA,milícia,3
NITERÓI,PENDOTIBA,facção,13
RIO DE JANEIRO,PEDRA DE GUARATIBA,milícia,29
RIO DE JANEIRO,PEDRA DE  GUARATIBA,milícia,1
RIO DE JANEIRO,PAVUNA,facção,99
RIO DE JANEIRO,PAVUNA,milícia,3
BELFORD ROXO,PAULINE,facção,20
BELFORD ROXO,PAULINE,milícia,1
SÃO GONÇALO,PATRONATO,facção,4
DUQUE DE CAXIAS,PARUQE BOA VISTA II,facção,1
DUQUE DE CAXIAS,PARQUE XERÉM,milícia,1
DUQUE DE CAXIAS,PARQUE VITÓRIA,milícia,2
DUQUE DE CAXIAS,PARQUE VILA NOVA,facção,2
BELFORD ROXO,PARQUE VENEZA,facção,1
QUEIMADOS,PARQUE VALDAIROSA,facção,2
QUEIMADOS,PARQUE VALDAIROSA,milícia,7
DUQUE DE CAXIAS,PARQUE URUGUAIANA,milícia,8
BELFORD ROXO,PARQUE UNIÃO 4,facção,1
SÃO JOÃO DE MERITI,PARQUE TIETÊ,facção,4
NOVA IGUAÇU,PARQUE SÃO VICENTE DE PAULO,facção,3
NOVA IGUAÇU,PARQUE SÃO VICENTE DE PAULO,milícia,1
BELFORD ROXO,PARQUE SÃO VICENTE,facção,1
BELFORD ROXO,PARQUE SÃO VICENTE,milícia,2
JAPERI,PARQUE SÃO SEBASTIÃO,milícia,1
DUQUE DE CAXIAS,PARQUE SÃO PEDRO DE ALCÂNTARA,milícia,14
SÃO JOÃO DE MERITI,PARQUE SÃO NICOLAU,facção,74
SÃO JOÃO DE MERITI,PARQUE SÃO NICOLAU,milícia,3
DUQUE DE CAXIAS,PARQUE SÃO JOÃO,milícia,3
DUQUE DE CAXIAS,PARQUE SÃO CARLOS,milícia,3
NOVA IGUAÇU,PARQUE SÃO CARLOS,facção,4
DUQUE DE CAXIAS,PARQUE SÃO BENTO,facção,1
JAPERI,PARQUE SÃO BENEDITO,facção,1
BELFORD ROXO,PARQUE SANTA RITA,milícia,1
DUQUE DE CAXIAS,PARQUE SANTA LÚCIA,facção,1
DUQUE DE CAXIAS,PARQUE SANTA LÚCIA,milícia,2
BELFORD ROXO,PARQUE SANTA BRANCA,facção,3
BELFORD ROXO,PARQUE ROSEIRAL,facção,13
BELFORD ROXO,PARQUE RENASCENÇA,facção,1
DUQUE DE CAXIAS,PARQUE PAULISTA,facção,35
DUQUE DE CAXIAS,PARQUE PAULISTA,milícia,2
DUQUE DE CAXIAS,PARQUE PAULICÉIA,milícia,2
SÃO JOÃO DE MERITI,PARQUE NOVO RIO,facção,4
SÃO JOÃO DE MERITI,PARQUE NOVO RIO,milícia,11
BELFORD ROXO,PARQUE NOSSA SENHORA APRECIDA,milícia,2
DUQUE DE CAXIAS,PARQUE MUÍSA,milícia,2
JAPERI,PARQUE MUCAJÁ,facção,1
DUQUE DE CAXIAS,PARQUE LAGUNA E DOURADOS,facção,1
DUQUE DE CAXIAS,PARQUE LAFAIETE,facção,2
DUQUE DE CAXIAS,PARQUE LAFAIETE,milícia,13
QUEIMADOS,PARQUE JURUTI,milícia,2
SÃO JOÃO DE MERITI,PARQUE JURUTI,milícia,17
BELFORD ROXO,PARQUE JORDÃO,facção,1
DUQUE DE CAXIAS,PARQUE JOÃO PESSOA,facção,11
DUQUE DE CAXIAS,PARQUE JOÃO PESSOA,milícia,5
SEROPÉDICA,PARQUE JACIMAR,milícia,1
QUEIMADOS,PARQUE IPANEMA,milícia,1
DUQUE DE CAXIAS,PARQUE INDEPENDÊNCIA,milícia,11
DUQUE DE CAXIAS,PARQUE IMPÉRIO,facção,1
JAPERI,PARQUE GUANDU,facção,11
BELFORD ROXO,PARQUE FLUMINENSE,milícia,1
DUQUE DE CAXIAS,PARQUE FLUMINENSE,milícia,6
BELFORD ROXO,PARQUE FLORESTA,milícia,1
NOVA IGUAÇU,PARQUE FLORA,facção,2
NOVA IGUAÇU,PARQUE FLORA,milícia,1
GUAPIMIRIM,PARQUE FLEIXAL,milícia,1
DUQUE DE CAXIAS,PARQUE FELICIDADE,facção,3
DUQUE DE CAXIAS,PARQUE FELICIDADE,milícia,1
DUQUE DE CAXIAS,PARQUE ESTRELA,facção,3
DUQUE DE CAXIAS,PARQUE ESTRELA,milícia,1
BELFORD ROXO,PARQUE ESPERANÇA,facção,14
BELFORD ROXO,PARQUE ESPERANÇA,milícia,2
DUQUE DE CAXIAS,PARQUE ELDORADO,facção,5
NOVA IGUAÇU,PARQUE DO LARANJAL,milícia,4
MAGÉ,PARQUE DO IMPERADOR,facção,14
DUQUE DE CAXIAS,PARQUE DAS MISSÕES,facção,9
BELFORD ROXO,PARQUE COLONIAL,facção,5
DUQUE DE CAXIAS,PARQUE CHUNO,facção,15
DUQUE DE CAXIAS,PARQUE CHUNO,milícia,3
DUQUE DE CAXIAS,PARQUE CENTENÁRIO,facção,2
DUQUE DE CAXIAS,PARQUE CAPIVARI,facção,2
DUQUE DE CAXIAS,PARQUE BOA VISTA II,facção,1
BELFORD ROXO,PARQUE BOA SORTE,facção,1
DUQUE DE CAXIAS,PARQUE BEIRA MAR,facção,2
DUQUE DE CAXIAS,PARQUE BEIRA MAR,milícia,4
SÃO JOÃO DE MERITI,PARQUE BARRETO,facção,2
SÃO JOÃO DE MERITI,PARQUE BARRETO,milícia,1
ITABORAÍ,PARQUE AURORA,facção,1
SÃO JOÃO DE MERITI,PARQUE ARARUAMA,facção,1
SÃO JOÃO DE MERITI,PARQUE ARARUAMA,milícia,3
RIO DE JANEIRO,PARQUE ANCHIETA,facção,2
RIO DE JANEIRO,PARQUE ANCHIETA,milícia,18
SÃO JOÃO DE MERITI,PARQUE ANALÂNDIA,facção,15
SÃO JOÃO DE MERITI,PARQUE ANALÂNDIA,milícia,2
BELFORD ROXO,PARQUE AMORIM,facção,2
NOVA IGUAÇU,PARQUE AMBAÍ,milícia,3
DUQUE DE CAXIAS,PARQUE A EQUITATIVA,facção,1
NOVA IGUAÇU,PARAÍSO,facção,6
NOVA IGUAÇU,PARAÍSO,milícia,3
SÃO GONÇALO,PARAÍSO,facção,8
DUQUE DE CAXIAS,PARADA MORABI,milícia,1
GUAPIMIRIM,PARADA MODELO,facção,1
RIO DE JANEIRO,PARADA DE LUCAS,facção,35
RIO DE JANEIRO,PARADA DE LUCAS,milícia,2
DUQUE DE CAXIAS,PARADA ANGÉLICA,facção,1
DUQUE DE CAXIAS,PARADA ANGÉLICA,milícia,1
CACHOEIRAS DE MACACU,PAPUCAIA,facção,1
NOVA IGUAÇU,PALHADA,facção,14
NOVA IGUAÇU,PALHADA,milícia,39
NILÓPOLIS,PAIOL DE PÓLVORA,facção,1
NILÓPOLIS,PAIOL DE PÓLVORA,milícia,4
RIO DE JANEIRO,PADRE MIGUEL,facção,14
RIO DE JANEIRO,PADRE MIGUEL,milícia,25
CACHOEIRAS DE MACACU,PACUCAIA,facção,1
RIO DE JANEIRO,PACIÊNCIA,facção,1
RIO DE JANEIRO,PACIÊNCIA,milícia,197
SÃO GONÇALO,PACHECO,facção,12
ITABORAÍ,OUTEIRO DAS PEDRAS,milícia,1
BELFORD ROXO,OUTEIRO,facção,1
BELFORD ROXO,OUTEIRO,milícia,1
DUQUE DE CAXIAS,OUTEIRO,milícia,1
NOVA IGUAÇU,OURO VERDE,facção,1
NOVA IGUAÇU,OURO VERDE,milícia,4
RIO DE JANEIRO,OSWALDO CRUZ,milícia,10
RIO DE JANEIRO,OSVALDO CRUZ,milícia,1
NILÓPOLIS,OLINDA,facção,8
NILÓPOLIS,OLINDA,milícia,3
DUQUE DE CAXIAS,OLAVO BILAC,facção,11
DUQUE DE CAXIAS,OLAVO BILAC,milícia,8
RIO DE JANEIRO,OLARIA,facção,3
RIO DE JANEIRO,OLARIA,milícia,11
MAGÉ,NOVO MUNDO,milícia,1
SÃO GONÇALO,NOVO MÉXICO,facção,31
PARACAMBI,NOVO GUARAJUBA,facção,1
MAGÉ,NOVA MARÍLIA,facção,2
CAMPOS DOS GOITACAZES,NOVA GOITACAZES,facção,1
ITABORAÍ,NOVA CIDADE,facção,10
SÃO GONÇALO,NOVA CIDADE,facção,2
DUQUE DE CAXIAS,NOVA CAMPINAS,facção,21
JAPERI,NOVA BELÉM,facção,5
BELFORD ROXO,NOVA AURORA,facção,3
BELFORD ROXO,NOVA AURORA,milícia,15
NOVA IGUAÇU,NOVA AMÉRICA,milícia,8
DUQUE DE CAXIAS,NOSSA SENHORA DO CARMO,milícia,21
NOVA IGUAÇU,NOSSA SENHORA DE FÁTIMA,milícia,1
QUEIMADOS,NOSSA SENHORA DE FÁTIMA,facção,1
QUEIMADOS,NOSSA SENHORA DE FÁTIMA,milícia,2
SÃO GONÇALO,NEVES,facção,15
SÃO GONÇALO,MUTUAPIRA,facção,8
SÃO GONÇALO,MUTUAGUAÇU,facção,10
SÃO GONÇALO,MUTUÁ,facção,27
SÃO GONÇALO,MUTONDO,facção,14
PARACAMBI,MUTIRÃO,facção,2
MAGÉ,MUNDO NOVO,facção,6
MAGÉ,MUNDO NOVO,milícia,2
SÃO GONÇALO,MORRO DO CASTRO,facção,2
QUEIMADOS,MORRO DA PAZ,facção,1
ITABORAÍ,MONTE VERDE,facção,3
SÃO GONÇALO,MONJOLO,facção,10
SÃO GONÇALO,MONJOLO,milícia,2
SÃO GONÇALO,MIRIAMBI,facção,31
BELFORD ROXO,MIGUEL COUTO,facção,2
BELFORD ROXO,MIGUEL COUTO,milícia,2
NOVA IGUAÇU,MIGUEL COUTO,facção,1
NOVA IGUAÇU,MIGUEL COUTO,milícia,47
NOVA IGUAÇU,METRÓPOLE,milícia,1
RIO DE JANEIRO,MÉIER,facção,12
RIO DE JANEIRO,MÉIER,milícia,5
ITAGUAÍ,MAZOMBA,milícia,2
BELFORD ROXO,MARINGÁ,facção,15
NITERÓI,MARIA PAULA,facção,2
SÃO GONÇALO,MARIA PAULA,facção,77
RIO DE JANEIRO,MARECHAL HERMES,facção,31
RIO DE JANEIRO,MARECHAL HERMES,milícia,7
RIO DE JANEIRO,MARÉ,facção,2
RIO DE JANEIRO,MARÉ,milícia,1
NITERÓI,MARAVISTA,facção,1
NOVA IGUAÇU,MARAPICU,facção,20
NOVA IGUAÇU,MARAPICU,milícia,6
ITABORAÍ,MARAMBAIA,facção,7
SÃO GONÇALO,MARAMBAIA,facção,10
RIO DE JANEIRO,MARACANÃ,facção,1
RIO DE JANEIRO,MARACANÃ,milícia,6
RIO DE JANEIRO,MANGUINHOS,facção,10
RIO DE JANEIRO,MANGUINHOS,milícia,2
RIO DE JANEIRO,MANGUEIRA,facção,11
BELFORD ROXO,MALHAPÃO,milícia,4
RIO DE JANEIRO,MAGALHÃES BASTOS,facção,3
RIO DE JANEIRO,MAGALHÃES BASTOS,milícia,3
RIO DE JANEIRO,MADUREIRA,facção,15
RIO DE JANEIRO,MADUREIRA,milícia,31
NITERÓI,MACEIÓ,facção,2
SÃO GONÇALO,LUIZ CAÇADOR,facção,2
BELFORD ROXO,LOTE XV,facção,2
BELFORD ROXO,LOTE XV,milícia,12
RIO DE JANEIRO,LINS DE VASCONCELOS,facção,28
SÃO GONÇALO,LINDO PARQUE,facção,5
RIO DE JANEIRO,LEME,facção,41
RIO DE JANEIRO,LEBLON,facção,4
ITAGUAÍ,LEANDRO,facção,3
ITAGUAÍ,LEANDRO,milícia,1
SÃO GONÇALO,LARGO DA IDÉIA,milícia,1
NITERÓI,LARGO DA BATALHA,facção,8
NITERÓI,LARGO BARRADAS,facção,2
RIO DE JANEIRO,LARANJEIRAS,facção,2
RIO DE JANEIRO,LARANJEIRAS,milícia,2
SÃO GONÇALO,LARANJAL,facção,36
SÃO GONÇALO,LARANJAL,milícia,2
NOVA IGUAÇU,LAGOINHA,facção,2
NOVA IGUAÇU,LAGOINHA,milícia,12
SÃO GONÇALO,LAGOINHA,facção,1
RIO DE JANEIRO,LAGOA,facção,1
RIO DE JANEIRO,LAGOA,milícia,4
PARACAMBI,LAGES,facção,4
PARACAMBI,LAGES,milícia,1
SEROPÉDICA,KM40,milícia,1
NOVA IGUAÇU,KM32,milícia,2
NOVA IGUAÇU,KM 35,milícia,1
NOVA IGUAÇU,KM 34,milícia,1
NOVA IGUAÇU,KM 33,milícia,1
NOVA IGUAÇU,KM 32,milícia,5
NOVA IGUAÇU,KM 31,milícia,1
NOVA IGUAÇU,KM 30,milícia,1
NOVA IGUAÇU,KM 29,milícia,1
NOVA IGUAÇU,KM 28,milícia,1
NOVA IGUAÇU,KM 27,milícia,1
NOVA IGUAÇU,KM 26,milícia,1
NOVA IGUAÇU,KM 25,milícia,1
NOVA IGUAÇU,KM 24,milícia,1
NOVA IGUAÇU,KENNEDY,facção,1
NOVA IGUAÇU,KENNEDY,milícia,1
MESQUITA,JUSCELINO,facção,106
NITERÓI,JURUJUBA,facção,4
SÃO GONÇALO,JÓQUEI,facção,30
SÃO GONÇALO,JÓQUEI,milícia,1
SÃO GONÇALO,JOQUEI,facção,3
ITABORAÍ,JOÃO CAETANO,facção,1
SEROPÉDICA,JARDINS,milícia,2
DUQUE DE CAXIAS,JARDIM VISTA ALEGRE,milícia,1
DUQUE DE CAXIAS,JARDIM VINTE E CINCO DE AGOSTO,facção,5
DUQUE DE CAXIAS,JARDIM VINTE E CINCO DE AGOSTO,milícia,2
DUQUE DE CAXIAS,JARDIM VILA NOVA,milícia,2
NOVA IGUAÇU,JARDIM TROPICAL,milícia,1
SÃO JOÃO DE MERITI,JARDIM SUMARÉ,facção,6
RIO DE JANEIRO,JARDIM SULACAP,milícia,9
BELFORD ROXO,JARDIM SILVANA,facção,2
NOVA IGUAÇU,JARDIM SÃO VICENTE,facção,23
NOVA IGUAÇU,JARDIM SÃO VICENTE,milícia,1
NOVA IGUAÇU,JARDIM SAO VICENTE,facção,1
JAPERI,JARDIM SÃO SEBASTIÃO,facção,3
BELFORD ROXO,JARDIM SÃO BENTO,facção,1
SÃO JOÃO DE MERITI,JARDIM SANTO ANTÔNIO,facção,15
SÃO JOÃO DE MERITI,JARDIM SANTA ROSA,facção,4
DUQUE DE CAXIAS,JARDIM SANTA RITA,milícia,3
DUQUE DE CAXIAS,JARDIM ROSÁRIO,facção,11
DUQUE DE CAXIAS,JARDIM ROSÁRIO,milícia,5
QUEIMADOS,JARDIM QUEIMADOS,milícia,7
DUQUE DE CAXIAS,JARDIM PRIMAVERA,facção,4
DUQUE DE CAXIAS,JARDIM PRIMAVERA,milícia,20
DUQUE DE CAXIAS,JARDIM PORANGABA,milícia,14
NOVA IGUAÇU,JARDIM PERNAMBUCO,facção,2
NOVA IGUAÇU,JARDIM PERNAMBUCO,milícia,5
SÃO JOÃO DE MERITI,JARDIM PARAÍSO,milícia,1
NOVA IGUAÇU,JARDIM PALMARES,facção,7
NOVA IGUAÇU,JARDIM PALMARES,milícia,7
SÃO JOÃO DE MERITI,JARDIM OLAVO BILAC,facção,3
SÃO JOÃO DE MERITI,JARDIM OLAVO BILAC,milícia,1
SÃO GONÇALO,JARDIM NOVA REPÚBLICA,facção,1
NOVA IGUAÇU,JARDIM NOVA ERA,facção,20
NOVA IGUAÇU,JARDIM NOVA ERA,milícia,43
SÃO JOÃO DE MERITI,JARDIM NOVA CALIFÓRNIA,facção,2
JAPERI,JARDIM NORMANDIA,facção,1
NOVA IGUAÇU,JARDIM NATAL,milícia,1
SÃO JOÃO DE MERITI,JARDIM METRÓPOLE,facção,23
SÃO JOÃO DE MERITI,JARDIM METRÓPOLE,milícia,1
SÃO JOÃO DE MERITI,JARDIM MERITI,facção,2
SÃO JOÃO DE MERITI,JARDIM MERITI,milícia,11
NOVA IGUAÇU,JARDIM MARILICE,milícia,1
SEROPÉDICA,JARDIM MARACANÃ,milícia,2
ITAGUAÍ,JARDIM MAR,facção,4
DUQUE DE CAXIAS,JARDIM LÍDER,facção,5
DUQUE DE CAXIAS,JARDIM LÍDER,milícia,1
DUQUE DE CAXIAS,JARDIM LEAL,milícia,4
ITAGUAÍ,JARDIM LAIÁ,facção,1
SÃO JOÃO DE MERITI,JARDIM JUREMA,facção,4
SÃO JOÃO DE MERITI,JARDIM JOSÉ BONIFÁCIO,facção,4
SÃO JOÃO DE MERITI,JARDIM JOSÉ BONIFÁCIO,milícia,2
ITABORAÍ,JARDIM ITAMBI,facção,9
ITABORAÍ,JARDIM ITAMBI,milícia,1
SÃO JOÃO DE MERITI,JARDIM ÍRIS,milícia,1
SÃO JOÃO DE MERITI,JARDIM IRIS,facção,5
SÃO JOÃO DE MERITI,JARDIM IRIS,milícia,1
NOVA IGUAÇU,JARDIM IMPÉRIO,milícia,1
DUQUE DE CAXIAS,JARDIM IMBARIÊ,facção,2
DUQUE DE CAXIAS,JARDIM IMBARIÊ,milícia,1
NOVA IGUAÇU,JARDIM IGUAÇU,milícia,2
BELFORD ROXO,JARDIM IDEAL,facção,20
NOVA IGUAÇU,JARDIM GUANDU,facção,7
NOVA IGUAÇU,JARDIM GUANDU,milícia,15
RIO DE JANEIRO,JARDIM GUANABARA,facção,1
RIO DE JANEIRO,JARDIM GUANABARA,milícia,2
DUQUE DE CAXIAS,JARDIM GRAMACHO,facção,11
DUQUE DE CAXIAS,JARDIM GRAMACHO,milícia,10
NOVA IGUAÇU,JARDIM FONTE SÃO MIGUEL,milícia,2
JAPERI,JARDIM EMÍLIA,facção,2
BELFORD ROXO,JARDIM DIMAS FILHO,facção,2
JAPERI,JARDIM DELAMARE,facção,7
ITABORAÍ,JARDIM DA PAZ,facção,1
SÃO JOÃO DE MERITI,JARDIM DA ALEGRIA,facção,2
SÃO JOÃO DE MERITI,JARDIM DA ALEGRIA,milícia,1
DUQUE DE CAXIAS,JARDIM CUBATÃO,milícia,1
BELFORD ROXO,JARDIM CRISTINA,facção,6
SÃO GONÇALO,JARDIM CATARINA,facção,183
SÃO GONÇALO,JARDIM CATARINA,milícia,5
RIO DE JANEIRO,JARDIM CARIOCA,facção,3
NOVA IGUAÇU,JARDIM CANAA,milícia,1
BELFORD ROXO,JARDIM BRASIL,facção,10
BELFORD ROXO,JARDIM BRASIL,milícia,1
RIO DE JANEIRO,JARDIM BOTÂNICO,facção,1
DUQUE DE CAXIAS,JARDIM BARRO BRANCO,facção,4
DUQUE DE CAXIAS,JARDIM BALNEÁRIO ANA CLARA,facção,1
DUQUE DE CAXIAS,JARDIM BALNEÁRIO ANA CLARA,milícia,1
DUQUE DE CAXIAS,JARDIM ANHANGÁ,facção,2
DUQUE DE CAXIAS,JARDIM ANHANGÁ,milícia,8
ITAGUAÍ,JARDIM AMÉRICA,facção,10
ITAGUAÍ,JARDIM AMÉRICA,milícia,5
RIO DE JANEIRO,JARDIM AMÉRICA,facção,7
QUEIMADOS,JARDIM ALZIRA,facção,2
NOVA IGUAÇU,JARDIM ALVORADA,milícia,10
DUQUE DE CAXIAS,JARDIM 25 DE AGOSTO,milícia,3
JAPERI,JAPERI,facção,5
JAPERI,JAPERI,milícia,2
MESQUITA,JACUTINGA,milícia,2
MARICÁ,JACONÉ,milícia,1
RIO DE JANEIRO,JACAREPAGUÁ,facção,27
RIO DE JANEIRO,JACAREPAGUÁ,milícia,324
RIO DE JANEIRO,JACARÉ,facção,20
RIO DE JANEIRO,JACARÉ,milícia,1
NITERÓI,ITITIOCA,facção,6
SÃO GONÇALO,ITAÚNA,facção,39
MARICÁ,ITAPEBA,facção,1
MARICÁ,ITAPEBA,milícia,3
SÃO GONÇALO,ITAOCA,facção,1
RIO DE JANEIRO,ITANHANGÁ,facção,2
RIO DE JANEIRO,ITANHANGÁ,milícia,51
MARICÁ,ITAIPUAÇU,facção,1
MARICÁ,ITAIPUAÇU,milícia,2
BELFORD ROXO,ITAIPU,milícia,4
NITERÓI,ITAIPU,facção,12
NITERÓI,ITAIPU,milícia,2
MAGÉ,IRIRI,facção,1
RIO DE JANEIRO,IRAJÁ,facção,8
RIO DE JANEIRO,IRAJÁ,milícia,15
MAGÉ,IPIRANGA,facção,1
MAGÉ,IPIRANGA,milícia,1
NOVA IGUAÇU,IPIRANGA,facção,3
NOVA IGUAÇU,IPIRANGA,milícia,20
SÃO GONÇALO,IPIÍBA,facção,4
RIO DE JANEIRO,IPANEMA,facção,1
RIO DE JANEIRO,IPANEMA,milícia,4
MARICÁ,INOÃ,facção,4
MARICÁ,INOÃ,milícia,6
RIO DE JANEIRO,INHOAÍBA,facção,1
RIO DE JANEIRO,INHOAÍBA,milícia,63
RIO DE JANEIRO,INHAÚMA,facção,29
RIO DE JANEIRO,INHAÚMA,milícia,38
NITERÓI,INGÁ,facção,2
DUQUE DE CAXIAS,IMBARIÊ,facção,13
RIO DE JANEIRO,ILHA DE GUARATIBA,milícia,2
ITAGUAÍ,ILHA DA MADEIRA,milícia,4
NITERÓI,ILHA DA CONCEIÇÃO,facção,7
NITERÓI,ILHA DA CONCEIÇÃO,milícia,1
NITERÓI,ICARAÍ,facção,6
NITERÓI,ICARAÍ,milícia,3
RIO DE JANEIRO,HUMAITÁ,milícia,1
RIO DE JANEIRO,HONÓRIO GURGEL,facção,8
RIO DE JANEIRO,HONÓRIO GURGEL,milícia,3
BELFORD ROXO,HITERLAND,facção,14
BELFORD ROXO,HITERLAND,milícia,6
RIO DE JANEIRO,HIGIENÓPOLIS,facção,1
RIO DE JANEIRO,HIGIENÓPOLIS,milícia,3
BELFORD ROXO,HELIÓPOLIS,milícia,6
SÃO GONÇALO,GUAXINDIBA,facção,84
RIO DE JANEIRO,GUARATIBA,milícia,237
RIO DE JANEIRO,GUADALUPE,facção,28
RIO DE JANEIRO,GUADALUPE,milícia,21
RIO DE JANEIRO,GRUMARI,milícia,3
ITABORAÍ,GRANJAS CABUÇU,facção,1
DUQUE DE CAXIAS,GRAMACHO,facção,3
DUQUE DE CAXIAS,GRAMACHO,milícia,4
NOVA IGUAÇU,GRAMA,milícia,8
RIO DE JANEIRO,GRAJAÚ,facção,1
SÃO GONÇALO,GRADIM,facção,15
SÃO GONÇALO,GRADIM,milícia,8
DUQUE DE CAXIAS,GRAÇAS,milícia,1
RIO DE JANEIRO,GLÓRIA,facção,3
RIO DE JANEIRO,GLÓRIA,milícia,1
BELFORD ROXO,GLÁUCIA,facção,14
BELFORD ROXO,GLÁUCIA,milícia,1
BELFORD ROXO,GLAUCIA,facção,1
RIO DE JANEIRO,GERICINÓ,facção,16
RIO DE JANEIRO,GERICINÓ,milícia,41
NOVA IGUAÇU,GENECIANO,facção,1
NOVA IGUAÇU,GENECIANO,milícia,11
ITABORAÍ,GEBARA,facção,3
RIO DE JANEIRO,GÁVEA,facção,10
RIO DE JANEIRO,GARDÊNIA AZUL,milícia,73
RIO DE JANEIRO,GAMBOA,facção,5
SÃO GONÇALO,GALO BRANCO,facção,13
RIO DE JANEIRO,GALEÃO,facção,24
RIO DE JANEIRO,FREGUESIA (JACAREPAGUÁ),facção,21
RIO DE JANEIRO,FREGUESIA (JACAREPAGUÁ),milícia,13
RIO DE JANEIRO,FREGUESIA (ILHA DO GOVERNADOR),facção,6
RIO DE JANEIRO,FREGUESIA (ILHA DO GOVERNADOR),milícia,5
NITERÓI,FONSECA,facção,41
NITERÓI,FONSECA,milícia,1
QUEIMADOS,FLESMAM,milícia,2
MARICÁ,FLAMENGO,milícia,2
RIO DE JANEIRO,FLAMENGO,facção,3
RIO DE JANEIRO,FLAMENGO,milícia,2
NOVA IGUAÇU,FIGUEIRAS,milícia,11
SEROPÉDICA,FAZENDA CAXIAS,milícia,4
RIO DE JANEIRO,FAVELA BEIRA-RIO,milícia,2
NITERÓI,FÁTIMA,facção,2
QUEIMADOS,FANCHEM,facção,1
ITAGUAÍ,ESTRELA DO CÉU,facção,1
ITAGUAÍ,ESTRELA DO CÉU,milícia,2
RIO DE JANEIRO,ESTÁCIO,facção,14
RIO DE JANEIRO,ESTÁCIO,milícia,1
ITABORAÍ,ESPERANÇA,facção,4
NITERÓI,ENGENHOCA,facção,27
NOVA IGUAÇU,ENGENHO PEQUENO,facção,3
NOVA IGUAÇU,ENGENHO PEQUENO,milícia,1
SÃO GONÇALO,ENGENHO PEQUENO,facção,8
SÃO GONÇALO,ENGENHO PEQUENO,milícia,8
RIO DE JANEIRO,ENGENHO NOVO,facção,21
NITERÓI,ENGENHO DO MATO,facção,4
RIO DE JANEIRO,ENGENHO DE DENTRO,facção,12
RIO DE JANEIRO,ENGENHO DE DENTRO,milícia,14
RIO DE JANEIRO,ENGENHO DA RAINHA,facção,55
RIO DE JANEIRO,ENGENHO DA RAINHA,milícia,3
RIO DE JANEIRO,ENGENHO DA  RAINHA,facção,4
ITABORAÍ,ENGENHO,facção,1
ITAGUAÍ,ENGENHO,facção,13
ITAGUAÍ,ENGENHO,milícia,1
JAPERI,ENGENHEIRO PEDREIRA,facção,21
JAPERI,ENGENHEIRO PEDREIRA,milícia,1
SÃO JOÃO DE MERITI,ENGENHEIRO BELFORD,facção,18
RIO DE JANEIRO,ENCANTADO,facção,2
MESQUITA,EDSON PASSOS,facção,13
MESQUITA,EDSON PASSOS,milícia,4
SÃO JOÃO DE MERITI,ÉDEN,facção,75
SÃO JOÃO DE MERITI,ÉDEN,milícia,5
SEROPÉDICA,ECOLOGIA,milícia,1
TANGUÁ,DUQUES,facção,2
TANGUÁ,DUQUES,milícia,1
DUQUE DE CAXIAS,DOUTOR LAUREANO,milícia,3
NOVA IGUAÇU,DOM RODRIGO,milícia,1
BELFORD ROXO,DOIS IRMÃOS,facção,13
RIO DE JANEIRO,DEODORO,facção,21
RIO DE JANEIRO,DEODORO,milícia,6
RIO DE JANEIRO,DEL CASTILHO,facção,15
RIO DE JANEIRO,DEL CASTILHO,milícia,44
BELFORD ROXO,DAS GRAÇAS,facção,14
BELFORD ROXO,DAS GRAÇAS,milícia,3
NOVA IGUAÇU,DANON,facção,36
NOVA IGUAÇU,DANON,milícia,5
NOVA IGUAÇU,DA LUZ,milícia,2
RIO DE JANEIRO,CURICICA,milícia,76
NITERÓI,CUBANGO,facção,8
SÃO GONÇALO,COVANCA,facção,3
RIO DE JANEIRO,COSTA BARROS,facção,51
RIO DE JANEIRO,COSMOS,milícia,61
RIO DE JANEIRO,COSME VELHO,facção,3
JAPERI,COSME DAMIÃO,facção,1
ITAGUAÍ,COROA GRANDE,facção,3
ITAGUAÍ,COROA GRANDE,milícia,30
MESQUITA,CORÉIA,facção,40
MESQUITA,CORÉIA,milícia,1
MESQUITA,COREIA,facção,1
RIO DE JANEIRO,CORDOVIL,facção,75
RIO DE JANEIRO,CORDOVIL,milícia,1
RIO DE JANEIRO,COPACABANA,facção,26
RIO DE JANEIRO,COPACABANA,milícia,4
RIO DE JANEIRO,COMPLEXO DO ALEMÃO,facção,1
NOVA IGUAÇU,COMENDADOR SOARES,facção,6
NOVA IGUAÇU,COMENDADOR SOARES,milícia,17
SÃO GONÇALO,COLUBANDÊ,facção,19
RIO DE JANEIRO,COLÉGIO,facção,3
RIO DE JANEIRO,COLÉGIO,milícia,8
RIO DE JANEIRO,COELHO NETO,facção,13
RIO DE JANEIRO,COELHO NETO,milícia,5
SÃO JOÃO DE MERITI,COELHO DA ROCHA,facção,4
SÃO JOÃO DE MERITI,COELHO DA ROCHA,milícia,3
SÃO GONÇALO,COELHO,facção,42
MARICÁ,CODEIRINHO,milícia,3
JAPERI,CITRÓPOLIS,facção,3
MAGÉ,CITROLÂNDIA,milícia,31
RIO DE JANEIRO,CIDADE UNIVERSITÁRIA,milícia,1
RIO DE JANEIRO,CIDADE NOVA,facção,4
NOVA IGUAÇU,CIDADE JARDIM PARQUE ESTORIL,facção,2
NOVA IGUAÇU,CIDADE JARDIM PARQUE ESTORIL,milícia,3
JAPERI,CIDADE JARDIM MARAJOARA,facção,4
GUAPIMIRIM,CIDADE JARDIM GUAPIMIRIM,facção,1
DUQUE DE CAXIAS,CIDADE DOS MENINOS,milícia,1
RIO DE JANEIRO,CIDADE DE DEUS,facção,45
RIO DE JANEIRO,CIDADE DE DEUS,milícia,1
MESQUITA,CHATUBA,facção,33
MESQUITA,CHATUBA,milícia,2
NITERÓI,CHARITAS,facção,31
NITERÓI,CHARITAS,milícia,2
ITAGUAÍ,CHAPERÓ,milícia,51
JAPERI,CHACRINHA,facção,5
JAPERI,CHACRINHA,milícia,1
DUQUE DE CAXIAS,CHÁCARAS RIO-PETRÓPOLIS,facção,8
DUQUE DE CAXIAS,CHÁCARAS RIO-PETRÓPOLIS,milícia,4
DUQUE DE CAXIAS,CHÁCARAS ARCAMPO,facção,9
DUQUE DE CAXIAS,CHÁCARAS ARCAMPO,milícia,2
BELFORD ROXO,CHÁCARA SANTO ANTÔNIO,facção,1
JAPERI,CHÁCARA PARAÍSO,facção,1
NOVA IGUAÇU,CERÂMICA,facção,4
NOVA IGUAÇU,CERÂMICA,milícia,8
ITABORAÍ,CENTRO (VISCONDE DE ITABORAÍ),facção,3
ITAGUAÍ,CENTRO (VISCONDE DE ITABORAÍ),milícia,3
ITABORAÍ,CENTRO (PORTO DAS CAIXAS),facção,1
ITABORAÍ,CENTRO (MANILHA),facção,5
ITABORAÍ,CENTRO (MANILHA),milícia,1
BELFORD ROXO,CENTRO,facção,3
BELFORD ROXO,CENTRO,milícia,8
DUQUE DE CAXIAS,CENTRO,facção,2
DUQUE DE CAXIAS,CENTRO,milícia,13
ITABORAÍ,CENTRO,facção,1
ITABORAÍ,CENTRO,milícia,1
ITAGUAÍ,CENTRO,milícia,13
JAPERI,CENTRO,facção,7
MARICÁ,CENTRO,milícia,1
MESQUITA,CENTRO,facção,8
MESQUITA,CENTRO,milícia,3
NILÓPOLIS,CENTRO,facção,5
NILÓPOLIS,CENTRO,milícia,5
NITERÓI,CENTRO,facção,8
NITERÓI,CENTRO,milícia,4
NOVA IGUAÇU,CENTRO,milícia,11
PARACAMBI,CENTRO,facção,1
QUEIMADOS,CENTRO,facção,4
QUEIMADOS,CENTRO,milícia,16
RIO BONITO,CENTRO,milícia,1
RIO DE JANEIRO,CENTRO,facção,18
RIO DE JANEIRO,CENTRO,milícia,20
SÃO GONÇALO,CENTRO,facção,9
SÃO GONÇALO,CENTRO,milícia,1
SÃO JOÃO DE MERITI,CENTRO,facção,33
SÃO JOÃO DE MERITI,CENTRO,milícia,6
SEROPÉDICA,CENTRO,milícia,14
RIO DE JANEIRO,CAVALCANTI,facção,31
RIO DE JANEIRO,CATUMBI,facção,8
RIO DE JANEIRO,CATETE,facção,1
RIO DE JANEIRO,CASCADURA,milícia,213
DUQUE DE CAXIAS,CAROLINA,milícia,2
NOVA IGUAÇU,CARMARY,facção,1
NOVA IGUAÇU,CARMARY,milícia,3
NITERÓI,CARAMUJO,facção,18
DUQUE DE CAXIAS,CAPIVARI,facção,4
DUQUE DE CAXIAS,CAPIVARI,milícia,1
NOVA IGUAÇU,CAONZE,facção,13
NOVA IGUAÇU,CAONZE,milícia,2
DUQUE DE CAXIAS,CANGULO,facção,3
DUQUE DE CAXIAS,CANGULO,milícia,2
DUQUE DE CAXIAS,CAMPOS ELÍSEOS,facção,14
DUQUE DE CAXIAS,CAMPOS ELÍSEOS,milícia,2
SEROPÉDICA,CAMPO LINDO,milícia,32
RIO DE JANEIRO,CAMPO GRANDE,facção,8
RIO DE JANEIRO,CAMPO GRANDE,milícia,510
QUEIMADOS,CAMPO ALEGRE,facção,1
QUEIMADOS,CAMPO ALEGRE,milícia,4
RIO DE JANEIRO,CAMPINHO,facção,1
RIO DE JANEIRO,CAMPINHO,milícia,26
RIO DE JANEIRO,CAMORIM,facção,1
RIO DE JANEIRO,CAMORIM,milícia,1
NOVA IGUAÇU,CAMARY,milícia,1
ITAGUAÍ,CALIFÓRNIA,milícia,1
NOVA IGUAÇU,CALIFÓRNIA,milícia,2
RIO DE JANEIRO,CAJU,facção,22
NOVA IGUAÇU,CACUIA,milícia,1
RIO DE JANEIRO,CACUIA,facção,2
RIO DE JANEIRO,CACUIA,milícia,1
RIO DE JANEIRO,CACHAMBI,facção,2
RIO DE JANEIRO,CACHAMBI,milícia,6
NILÓPOLIS,CABUIS,milícia,3
ITABORAÍ,CABUÇU,facção,3
NOVA IGUAÇU,CABUÇU,facção,2
NOVA IGUAÇU,CABUÇU,milícia,171
NILÓPOLIS,CABRAL,facção,6
ITAGUAÍ,BRISAMAR,facção,1
ITAGUAÍ,BRISA MAR,facção,25
ITAGUAÍ,BRISA MAR,milícia,3
RIO DE JANEIRO,BRÁS DE PINA,facção,5
RIO DE JANEIRO,BRÁS DE PINA,milícia,32
NOVA IGUAÇU,BOTAFOGO,facção,6
NOVA IGUAÇU,BOTAFOGO,milícia,1
RIO DE JANEIRO,BOTAFOGO,facção,4
RIO DE JANEIRO,BOTAFOGO,milícia,3
RIO DE JANEIRO,BONSUCESSO,facção,58
RIO DE JANEIRO,BONSUCESSO,milícia,14
SÃO GONÇALO,BOM RETIRO,facção,1
BELFORD ROXO,BOM PASTOR,facção,20
PARACAMBI,BOM JARDIM,facção,1
SÃO GONÇALO,BOAÇU,facção,140
SÃO GONÇALO,BOAÇU,milícia,1
CACHOEIRAS DE MACACU,BOA VISTA,facção,1
CACHOEIRAS DE MACACU,BOA VISTA,milícia,1
SÃO GONÇALO,BOA VISTA,facção,20
SÃO GONÇALO,BOA VISTA,milícia,2
BELFORD ROXO,BOA SORTE,facção,4
BELFORD ROXO,BOA SORTE,milícia,1
NOVA IGUAÇU,BOA ESPERANÇA,milícia,1
SEROPÉDICA,BOA ESPERANÇA,facção,1
SEROPÉDICA,BOA ESPERANÇA,milícia,20
MESQUITA,BNH,milícia,5
RIO DE JANEIRO,BENTO RIBEIRO,milícia,23
RIO DE JANEIRO,BENFICA,facção,21
RIO DE JANEIRO,BENFICA,milícia,4
NOVA IGUAÇU,BELTERRA,facção,1
NOVA IGUAÇU,BELTERRA,milícia,1
JAPERI,BELO HORIZONTE,facção,1
QUEIMADOS,BELMONTE,milícia,3
ITABORAÍ,BELA VISTA,facção,1
JAPERI,BEIRA RIO,facção,1
RIO DE JANEIRO,BARROS FILHO,facção,25
SÃO GONÇALO,BARRO VERMELHO,facção,13
SÃO GONÇALO,BARRO VERMELHO,milícia,1
DUQUE DE CAXIAS,BARRO BRANCO,facção,2
NITERÓI,BARRETO,facção,15
SÃO GONÇALO,BARRACÃO,facção,8
RIO DE JANEIRO,BARRA DA TIJUCA,facção,3
RIO DE JANEIRO,BARRA DA TIJUCA,milícia,49
NOVA IGUAÇU,BARÃO DE GUANDU,facção,1
NOVA IGUAÇU,BARÃO DE GUANDU,milícia,1
RIO DE JANEIRO,BANGU,facção,140
RIO DE JANEIRO,BANGU,milícia,110
MESQUITA,BANCO DE AREIA,facção,15
RIO DE JANEIRO,BANCÁRIOS,facção,1
NITERÓI,BADU,facção,11
NITERÓI,BADU,milícia,1
NOVA IGUAÇU,AUTÓDROMO,facção,2
NOVA IGUAÇU,AUTÓDROMO,milícia,2
NOVA IGUAÇU,AUSTIN,facção,4
NOVA IGUAÇU,AUSTIN,milícia,57
NITERÓI,ATALAIA,facção,2
SÃO GONÇALO,ARSENAL,facção,20
SÃO GONÇALO,ARRASTÃO,facção,4
BELFORD ROXO,AREIA BRANCA,facção,12
BELFORD ROXO,AREIA BRANCA,milícia,2
ITABORAÍ,AREAL,facção,1
MARICÁ,ARAÇATIBA,facção,3
ITABORAÍ,APOLO II,facção,4
ITABORAÍ,APOLO II,milícia,1
SÃO GONÇALO,ANTONINA,facção,6
NOVA IGUAÇU,ANDRADE DE ARAÚJO,milícia,1
BELFORD ROXO,ANDRADE ARAÚJO,facção,1
BELFORD ROXO,ANDRADE ARAÚJO,milícia,2
RIO DE JANEIRO,ANDARAÍ,facção,44
RIO DE JANEIRO,ANCHIETA,facção,108
SÃO GONÇALO,ANAIA PEQUENO,facção,3
ITABORAÍ,AMPLIAÇÃO,facção,13
SÃO GONÇALO,AMENDOEIRA,facção,8
SÃO GONÇALO,AMENDOEIRA,milícia,1
NOVA IGUAÇU,AMBAÍ,facção,7
NOVA IGUAÇU,AMBAÍ,milícia,2
DUQUE DE CAXIAS,AMAPÁ,milícia,4
MESQUITA,ALTO URUGUAI,facção,8
RIO DE JANEIRO,ALTO DA BOA VISTA,facção,4
SÃO GONÇALO,ALMERINDA,facção,27
QUEIMADOS,ALIANÇA,facção,9
QUEIMADOS,ALIANÇA,milícia,2
JAPERI,ALECRIM,facção,1
JAPERI,ALECRIM,milícia,1
SÃO GONÇALO,ALCÂNTARA,facção,36
SÃO GONÇALO,ALCÂNTARA,milícia,5
RIO DE JANEIRO,ÁGUA SANTA,facção,3
RIO DE JANEIRO,ÁGUA SANTA,milícia,1
SÃO JOÃO DE MERITI,AGOSTINHO PORTO,facção,2
NOVA IGUAÇU,ADRIANÓPOLIS,milícia,2